"WR","Julio Jones",8900,"Atl@NYG 01:00PM ET",38.100,"Atl"
"WR","Antonio Brown",8800,"SF@Pit 01:00PM ET",31.300,"Pit"
"WR","Odell Beckham Jr.",8800,"Atl@NYG 01:00PM ET",9.400,"NYG"
"WR","Dez Bryant",8500,"Dal@Phi 04:25PM ET",9.800,"Dal"
"WR","Demaryius Thomas",8400,"Den@KC 08:25PM ET",13.000,"Den"
"QB","Aaron Rodgers",8300,"Sea@GB 08:30PM ET",23.060,"GB"
"WR","Calvin Johnson",8200,"Det@Min 01:00PM ET",5.900,"Det"
"QB","Andrew Luck",8200,"NYJ@Ind 08:30PM ET",19.720,"Ind"
"QB","Drew Brees",7800,"TB@NO 01:00PM ET",20.500,"NO"
"RB","Adrian Peterson",7700,"Det@Min 01:00PM ET",8.200,"Min"
"RB","Matt Forte",7700,"Ari@Chi 01:00PM ET",30.600,"Chi"
"RB","Jamaal Charles",7600,"Den@KC 08:25PM ET",21.300,"KC"
"WR","Emmanuel Sanders",7600,"Den@KC 08:25PM ET",14.500,"Den"
"QB","Peyton Manning",7500,"Den@KC 08:25PM ET",5.900,"Den"
"QB","Tom Brady",7500,"NE@Buf 01:00PM ET",27.620,"NE"
"WR","A.J. Green",7500,"SD@Cin 01:00PM ET",11.300,"Cin"
"WR","Alshon Jeffery",7500,"Ari@Chi 01:00PM ET",12.800,"Chi"
"QB","Matt Ryan",7400,"Atl@NYG 01:00PM ET",18.620,"Atl"
"RB","Arian Foster",7400,"Hou@Car 01:00PM ET",0,"Hou"
"WR","Randall Cobb",7400,"Sea@GB 08:30PM ET",14.800,"GB"
"WR","DeAndre Hopkins",7400,"Hou@Car 01:00PM ET",32.800,"Hou"
"WR","Mike Evans",7400,"TB@NO 01:00PM ET",0,"TB"
"RB","Jeremy Hill",7400,"SD@Cin 01:00PM ET",18.300,"Cin"
"TE","Rob Gronkowski",7300,"NE@Buf 01:00PM ET",32.400,"NE"
"QB","Russell Wilson",7300,"Sea@GB 08:30PM ET",16.140,"Sea"
"QB","Ben Roethlisberger",7200,"SF@Pit 01:00PM ET",22.040,"Pit"
"RB","Marshawn Lynch",7200,"Sea@GB 08:30PM ET",17.400,"Sea"
"QB","Cam Newton",7200,"Hou@Car 01:00PM ET",13.500,"Car"
"WR","T.Y. Hilton",7200,"NYJ@Ind 08:30PM ET",15.800,"Ind"
"RB","Eddie Lacy",7200,"Sea@GB 08:30PM ET",17.900,"GB"
"QB","Tony Romo",7100,"Dal@Phi 04:25PM ET",27.140,"Dal"
"QB","Eli Manning",7100,"Atl@NYG 01:00PM ET",8.520,"NYG"
"WR","Jordan Matthews",7100,"Dal@Phi 04:25PM ET",23.200,"Phi"
"WR","Keenan Allen",7100,"SD@Cin 01:00PM ET",34.600,"SD"
"RB","DeMarco Murray",7000,"Dal@Phi 04:25PM ET",18.000,"Phi"
"QB","Ryan Tannehill",7000,"Mia@Jax 04:05PM ET",12.740,"Mia"
"WR","Brandin Cooks",7000,"TB@NO 01:00PM ET",9.300,"NO"
"QB","Sam Bradford",6900,"Dal@Phi 04:25PM ET",18.440,"Phi"
"QB","Matthew Stafford",6800,"Det@Min 01:00PM ET",15.740,"Det"
"QB","Carson Palmer",6700,"Ari@Chi 01:00PM ET",28.680,"Ari"
"QB","Philip Rivers",6700,"SD@Cin 01:00PM ET",24.960,"SD"
"WR","Julian Edelman",6700,"NE@Buf 01:00PM ET",21.600,"NE"
"RB","C.J. Anderson",6700,"Den@KC 08:25PM ET",8.800,"Den"
"QB","Colin Kaepernick",6600,"SF@Pit 01:00PM ET",10.700,"SF"
"RB","LeSean McCoy",6600,"NE@Buf 01:00PM ET",11.700,"Buf"
"WR","Jeremy Maclin",6500,"Den@KC 08:25PM ET",10.200,"KC"
"WR","Brandon Marshall",6400,"NYJ@Ind 08:30PM ET",18.200,"NYJ"
"QB","Joe Flacco",6400,"Bal@Oak 04:05PM ET",2.680,"Bal"
"QB","Teddy Bridgewater",6400,"Det@Min 01:00PM ET",9.840,"Min"
"WR","Amari Cooper",6400,"Bal@Oak 04:05PM ET",9.700,"Oak"
"QB","Alex Smith",6300,"Den@KC 08:25PM ET",23.220,"KC"
"WR","Golden Tate",6300,"Det@Min 01:00PM ET",6.400,"Det"
"RB","Justin Forsett",6200,"Bal@Oak 04:05PM ET",9.600,"Bal"
"WR","DeSean Jackson",6200,"StL@Was 01:00PM ET",0.000,"Was"
"QB","Tyrod Taylor",6200,"NE@Buf 01:00PM ET",15.900,"Buf"
"WR","Sammy Watkins",6200,"NE@Buf 01:00PM ET",0.000,"Buf"
"RB","Andre Ellington",6100,"Ari@Chi 01:00PM ET",13.600,"Ari"
"WR","Steve Smith Sr.",6000,"Bal@Oak 04:05PM ET",3.300,"Bal"
"QB","Jay Cutler",6000,"Ari@Chi 01:00PM ET",15.100,"Chi"
"QB","Marcus Mariota",6000,"Ten@Cle 01:00PM ET",24.960,"Ten"
"RB","Mark Ingram",5900,"TB@NO 01:00PM ET",20.200,"NO"
"WR","Jarvis Landry",5900,"Mia@Jax 04:05PM ET",20.700,"Mia"
"WR","Roddy White",5800,"Atl@NYG 01:00PM ET",12.400,"Atl"
"WR","Andre Johnson",5800,"NYJ@Ind 08:30PM ET",6.400,"Ind"
"TE","Jimmy Graham",5800,"Sea@GB 08:30PM ET",17.100,"Sea"
"QB","Andy Dalton",5800,"SD@Cin 01:00PM ET",18.860,"Cin"
"QB","Robert Griffin III",5800,"StL@Was 01:00PM ET",0,"Was"
"RB","Latavius Murray",5800,"Bal@Oak 04:05PM ET",15.000,"Oak"
"WR","Anquan Boldin",5700,"SF@Pit 01:00PM ET",7.600,"SF"
"RB","Doug Martin",5600,"TB@NO 01:00PM ET",6.400,"TB"
"RB","Ronnie Hillman",5600,"Den@KC 08:25PM ET",4.100,"Den"
"RB","Joseph Randle",5600,"Dal@Phi 04:25PM ET",13.700,"Dal"
"QB","Jameis Winston",5600,"TB@NO 01:00PM ET",16.200,"TB"
"QB","Ryan Fitzpatrick",5500,"NYJ@Ind 08:30PM ET",14.060,"NYJ"
"WR","Vincent Jackson",5500,"TB@NO 01:00PM ET",9.100,"TB"
"RB","Jonathan Stewart",5500,"Hou@Car 01:00PM ET",12.100,"Car"
"QB","Nick Foles",5500,"StL@Was 01:00PM ET",20.980,"StL"
"QB","Kirk Cousins",5500,"StL@Was 01:00PM ET",9.740,"Was"
"QB","Derek Carr",5500,"Bal@Oak 04:05PM ET",3.240,"Oak"
"RB","Lamar Miller",5500,"Mia@Jax 04:05PM ET",8.500,"Mia"
"WR","Nelson Agholor",5500,"Dal@Phi 04:25PM ET",1.500,"Phi"
"WR","Marques Colston",5400,"TB@NO 01:00PM ET",5.900,"NO"
"WR","Larry Fitzgerald",5400,"Ari@Chi 01:00PM ET",14.700,"Ari"
"WR","Mike Wallace",5400,"Det@Min 01:00PM ET",12.300,"Min"
"WR","Torrey Smith",5400,"SF@Pit 01:00PM ET",2.100,"SF"
"QB","Geno Smith",5400,"NYJ@Ind 08:30PM ET",0,"NYJ"
"RB","DeAngelo Williams",5300,"SF@Pit 01:00PM ET",17.200,"Pit"
"QB","Matt McGloin",5300,"Bal@Oak 04:05PM ET",11.680,"Oak"
"QB","Blake Bortles",5300,"Mia@Jax 04:05PM ET",11.920,"Jax"
"QB","Brian Hoyer",5200,"Hou@Car 01:00PM ET",11.440,"Hou"
"QB","Johnny Manziel",5200,"Ten@Cle 01:00PM ET",11.780,"Cle"
"QB","Josh McCown",5100,"Ten@Cle 01:00PM ET",3.260,"Cle"
"WR","Eric Decker",5100,"NYJ@Ind 08:30PM ET",11.700,"NYJ"
"QB","Ryan Mallett",5100,"Hou@Car 01:00PM ET",10.520,"Hou"
"TE","Travis Kelce",5100,"Den@KC 08:25PM ET",31.600,"KC"
"QB","Mike Glennon",5100,"TB@NO 01:00PM ET",0,"TB"
"WR","John Brown",5100,"Ari@Chi 01:00PM ET",14.600,"Ari"
"RB","Carlos Hyde",5100,"SF@Pit 01:00PM ET",35.200,"SF"
"QB","Matt Hasselbeck",5000,"NYJ@Ind 08:30PM ET",0,"Ind"
"QB","Michael Vick",5000,"SF@Pit 01:00PM ET",0,"Pit"
"QB","Matt Cassel",5000,"NE@Buf 01:00PM ET",0.000,"Buf"
"QB","Charlie Whitehurst",5000,"Ten@Cle 01:00PM ET",0,"Ten"
"QB","Tarvaris Jackson",5000,"Sea@GB 08:30PM ET",0,"Sea"
"QB","Derek Anderson",5000,"Hou@Car 01:00PM ET",0,"Car"
"QB","Dan Orlovsky",5000,"Det@Min 01:00PM ET",0,"Det"
"QB","Kellen Clemens",5000,"SD@Cin 01:00PM ET",0,"SD"
"QB","Shaun Hill",5000,"Det@Min 01:00PM ET",0,"Min"
"QB","Matt Moore",5000,"Mia@Jax 04:05PM ET",0,"Mia"
"QB","Drew Stanton",5000,"Ari@Chi 01:00PM ET",0,"Ari"
"QB","Matt Schaub",5000,"Bal@Oak 04:05PM ET",0,"Bal"
"QB","Luke McCown",5000,"TB@NO 01:00PM ET",0.000,"NO"
"QB","Chad Henne",5000,"Mia@Jax 04:05PM ET",0,"Jax"
"RB","Rashad Jennings",5000,"Atl@NYG 01:00PM ET",11.200,"NYG"
"QB","Joe Webb",5000,"Hou@Car 01:00PM ET",0.000,"Car"
"QB","Mark Sanchez",5000,"Dal@Phi 04:25PM ET",0,"Phi"
"QB","Chase Daniel",5000,"Den@KC 08:25PM ET",0,"KC"
"QB","Colt McCoy",5000,"StL@Was 01:00PM ET",0,"Was"
"QB","Scott Tolzien",5000,"Sea@GB 08:30PM ET",0,"GB"
"RB","C.J. Spiller",5000,"TB@NO 01:00PM ET",0,"NO"
"QB","Case Keenum",5000,"StL@Was 01:00PM ET",0,"StL"
"QB","Jimmy Clausen",5000,"Ari@Chi 01:00PM ET",0,"Chi"
"RB","Alfred Morris",5000,"StL@Was 01:00PM ET",15.100,"Was"
"QB","Brandon Weeden",5000,"Dal@Phi 04:25PM ET",0,"Dal"
"WR","Pierre Garcon",5000,"StL@Was 01:00PM ET",13.400,"Was"
"QB","Austin Davis",5000,"Ten@Cle 01:00PM ET",0,"Cle"
"QB","Landry Jones",5000,"SF@Pit 01:00PM ET",0,"Pit"
"RB","LeGarrette Blount",5000,"NE@Buf 01:00PM ET",0,"NE"
"WR","Kendall Wright",5000,"Ten@Cle 01:00PM ET",23.100,"Ten"
"QB","EJ Manuel",5000,"NE@Buf 01:00PM ET",0,"Buf"
"QB","Blaine Gabbert",5000,"SF@Pit 01:00PM ET",0,"SF"
"QB","Sean Renfree",5000,"Atl@NYG 01:00PM ET",0,"Atl"
"QB","Ryan Nassib",5000,"Atl@NYG 01:00PM ET",0,"NYG"
"QB","Ryan Griffin",5000,"TB@NO 01:00PM ET",0,"TB"
"QB","Matt Barkley",5000,"Ari@Chi 01:00PM ET",0,"Ari"
"QB","Zach Mettenberger",5000,"Ten@Cle 01:00PM ET",-0.500,"Ten"
"QB","Aaron Murray",5000,"Den@KC 08:25PM ET",0,"KC"
"QB","Brock Osweiler",5000,"Den@KC 08:25PM ET",0,"Den"
"QB","Bryce Petty",5000,"NYJ@Ind 08:30PM ET",0,"NYJ"
"QB","AJ McCarron",5000,"SD@Cin 01:00PM ET",0,"Cin"
"QB","David Fales",5000,"Ari@Chi 01:00PM ET",0,"Chi"
"QB","Stephen Morris",5000,"Dal@Phi 04:25PM ET",0,"Phi"
"QB","Garrett Grayson",5000,"TB@NO 01:00PM ET",0,"NO"
"QB","Trevor Siemian",5000,"Den@KC 08:25PM ET",0,"Den"
"QB","Jimmy Garoppolo",5000,"NE@Buf 01:00PM ET",0,"NE"
"QB","Sean Mannion",5000,"StL@Was 01:00PM ET",0,"StL"
"QB","Brett Hundley",5000,"Sea@GB 08:30PM ET",0,"GB"
"QB","Taylor Heinicke",5000,"Det@Min 01:00PM ET",0,"Min"
"RB","Melvin Gordon",5000,"SD@Cin 01:00PM ET",8.700,"SD"
"TE","Greg Olsen",4900,"Hou@Car 01:00PM ET",2.100,"Car"
"WR","Allen Robinson",4900,"Mia@Jax 04:05PM ET",3.700,"Jax"
"WR","Davante Adams",4900,"Sea@GB 08:30PM ET",9.900,"GB"
"RB","Frank Gore",4800,"NYJ@Ind 08:30PM ET",5.100,"Ind"
"WR","Victor Cruz",4800,"Atl@NYG 01:00PM ET",0,"NYG"
"WR","Charles Johnson",4800,"Det@Min 01:00PM ET",4.700,"Min"
"WR","Michael Floyd",4800,"Ari@Chi 01:00PM ET",2.800,"Ari"
"RB","T.J. Yeldon",4800,"Mia@Jax 04:05PM ET",9.700,"Jax"
"RB","Todd Gurley",4800,"StL@Was 01:00PM ET",0,"StL"
"WR","James Jones",4700,"Sea@GB 08:30PM ET",21.100,"GB"
"RB","Chris Ivory",4700,"NYJ@Ind 08:30PM ET",23.000,"NYJ"
"WR","Rueben Randle",4700,"Atl@NYG 01:00PM ET",5.300,"NYG"
"RB","Tre Mason",4700,"StL@Was 01:00PM ET",0,"StL"
"WR","Breshad Perriman",4700,"Bal@Oak 04:05PM ET",0,"Bal"
"RB","Joique Bell",4600,"Det@Min 01:00PM ET",6.100,"Det"
"WR","Donte Moncrief",4600,"NYJ@Ind 08:30PM ET",16.600,"Ind"
"TE","Martellus Bennett",4500,"Ari@Chi 01:00PM ET",16.500,"Chi"
"WR","Percy Harvin",4500,"NE@Buf 01:00PM ET",19.800,"Buf"
"RB","Giovani Bernard",4500,"SD@Cin 01:00PM ET",14.800,"Cin"
"TE","Julius Thomas",4500,"Mia@Jax 04:05PM ET",0,"Jax"
"RB","Ameer Abdullah",4500,"Det@Min 01:00PM ET",19.400,"Det"
"RB","Bishop Sankey",4500,"Ten@Cle 01:00PM ET",22.600,"Ten"
"RB","Tevin Coleman",4500,"Atl@NYG 01:00PM ET",8.000,"Atl"
"WR","Malcom Floyd",4400,"SD@Cin 01:00PM ET",3.900,"SD"
"RB","Benny Cunningham",4400,"StL@Was 01:00PM ET",16.200,"StL"
"RB","Isaiah Crowell",4400,"Ten@Cle 01:00PM ET",5.300,"Cle"
"TE","Jason Witten",4300,"Dal@Phi 04:25PM ET",26.000,"Dal"
"RB","Darren McFadden",4200,"Dal@Phi 04:25PM ET",4.500,"Dal"
"WR","Stevie Johnson",4200,"SD@Cin 01:00PM ET",20.200,"SD"
"WR","Doug Baldwin",4200,"Sea@GB 08:30PM ET",10.500,"Sea"
"RB","Shane Vereen",4200,"Atl@NYG 01:00PM ET",10.000,"NYG"
"WR","Terrance Williams",4200,"Dal@Phi 04:25PM ET",11.000,"Dal"
"TE","Tyler Eifert",4200,"SD@Cin 01:00PM ET",34.400,"Cin"
"RB","David Johnson",4200,"Ari@Chi 01:00PM ET",12.500,"Ari"
"RB","Devonta Freeman",4200,"Atl@NYG 01:00PM ET",7.700,"Atl"
"WR","Michael Crabtree",4100,"Bal@Oak 04:05PM ET",8.700,"Oak"
"WR","Kenny Britt",4100,"StL@Was 01:00PM ET",5.700,"StL"
"WR","Kenny Stills",4100,"Mia@Jax 04:05PM ET",2.200,"Mia"
"TE","Austin Seferian-Jenkins",4100,"TB@NO 01:00PM ET",31.000,"TB"
"RB","Danny Woodhead",4000,"SD@Cin 01:00PM ET",22.200,"SD"
"TE","Jordan Cameron",4000,"Mia@Jax 04:05PM ET",11.300,"Mia"
"WR","Greg Jennings",3900,"Mia@Jax 04:05PM ET",5.900,"Mia"
"WR","Dwayne Bowe",3900,"Ten@Cle 01:00PM ET",0,"Cle"
"RB","Reggie Bush",3800,"SF@Pit 01:00PM ET",0.800,"SF"
"RB","Chris Johnson",3800,"Ari@Chi 01:00PM ET",3.700,"Ari"
"WR","Markus Wheaton",3800,"SF@Pit 01:00PM ET",10.500,"Pit"
"WR","Allen Hurns",3800,"Mia@Jax 04:05PM ET",10.000,"Jax"
"WR","Eddie Royal",3700,"Ari@Chi 01:00PM ET",1.800,"Chi"
"TE","Jordan Reed",3700,"StL@Was 01:00PM ET",19.300,"Was"
"RB","Alfred Blue",3700,"Hou@Car 01:00PM ET",5.900,"Hou"
"WR","Marqise Lee",3700,"Mia@Jax 04:05PM ET",0,"Jax"
"WR","DeVante Parker",3700,"Mia@Jax 04:05PM ET",0.000,"Mia"
"WR","Nate Washington",3600,"Hou@Car 01:00PM ET",19.500,"Hou"
"WR","Brian Quick",3600,"StL@Was 01:00PM ET",0,"StL"
"RB","Ryan Mathews",3600,"Dal@Phi 04:25PM ET",11.800,"Phi"
"WR","Jermaine Kearse",3600,"Sea@GB 08:30PM ET",15.600,"Sea"
"WR","Marvin Jones",3600,"SD@Cin 01:00PM ET",3.900,"Cin"
"TE","Zach Ertz",3600,"Dal@Phi 04:25PM ET",7.600,"Phi"
"RB","Charles Sims",3600,"TB@NO 01:00PM ET",5.500,"TB"
"TE","Heath Miller",3500,"SF@Pit 01:00PM ET",16.400,"Pit"
"RB","Darren Sproles",3500,"Dal@Phi 04:25PM ET",19.600,"Phi"
"TE","Ladarius Green",3500,"SD@Cin 01:00PM ET",18.400,"SD"
"TE","Kyle Rudolph",3500,"Det@Min 01:00PM ET",10.300,"Min"
"WR","Tavon Austin",3500,"StL@Was 01:00PM ET",15.500,"StL"
"RB","Terrance West",3500,"Ten@Cle 01:00PM ET",3.100,"Ten"
"WR","Rashad Greene",3500,"Mia@Jax 04:05PM ET",15.800,"Jax"
"RB","Matt Jones",3500,"StL@Was 01:00PM ET",2.800,"Was"
"WR","Devin Hester",3400,"Atl@NYG 01:00PM ET",0,"Atl"
"TE","Delanie Walker",3400,"Ten@Cle 01:00PM ET",13.300,"Ten"
"RB","Marcel Reece",3400,"Bal@Oak 04:05PM ET",17.600,"Oak"
"TE","Charles Clay",3400,"NE@Buf 01:00PM ET",8.300,"Buf"
"WR","Travis Benjamin",3400,"Ten@Cle 01:00PM ET",17.900,"Cle"
"RB","Jonas Gray",3400,"Mia@Jax 04:05PM ET",0,"Mia"
"RB","Dion Lewis",3400,"NE@Buf 01:00PM ET",16.000,"NE"
"RB","Theo Riddick",3400,"Det@Min 01:00PM ET",11.700,"Det"
"WR","Justin Hunter",3400,"Ten@Cle 01:00PM ET",2.100,"Ten"
"WR","Marquess Wilson",3400,"Ari@Chi 01:00PM ET",7.900,"Chi"
"WR","Chris Conley",3400,"Den@KC 08:25PM ET",0.000,"KC"
"RB","Javorius Allen",3400,"Bal@Oak 04:05PM ET",4.400,"Bal"
"WR","Tyler Lockett",3400,"Sea@GB 08:30PM ET",13.400,"Sea"
"RB","Duke Johnson Jr.",3400,"Ten@Cle 01:00PM ET",2.200,"Cle"
"DST","Dolphins ",3300,"Mia@Jax 04:05PM ET",15.000,"Mia"
"TE","Owen Daniels",3300,"Den@KC 08:25PM ET",2.500,"Den"
"WR","Jerricho Cotchery",3300,"Hou@Car 01:00PM ET",14.500,"Car"
"WR","Danny Amendola",3300,"NE@Buf 01:00PM ET",4.400,"NE"
"WR","Andrew Hawkins",3300,"Ten@Cle 01:00PM ET",5.400,"Cle"
"WR","Darrius Heyward-Bey",3300,"SF@Pit 01:00PM ET",9.800,"Pit"
"WR","Andre Roberts",3300,"StL@Was 01:00PM ET",6.600,"Was"
"RB","Fred Jackson",3300,"Sea@GB 08:30PM ET",3.900,"Sea"
"WR","Cole Beasley",3300,"Dal@Phi 04:25PM ET",7.900,"Dal"
"TE","Dwayne Allen",3300,"NYJ@Ind 08:30PM ET",10.700,"Ind"
"WR","Mohamed Sanu",3300,"SD@Cin 01:00PM ET",5.400,"Cin"
"RB","Branden Oliver",3300,"SD@Cin 01:00PM ET",3.100,"SD"
"RB","James White",3300,"NE@Buf 01:00PM ET",0.000,"NE"
"WR","Brandon Coleman",3300,"TB@NO 01:00PM ET",14.100,"NO"
"WR","Cecil Shorts III",3300,"Hou@Car 01:00PM ET",9.700,"Hou"
"WR","Phillip Dorsett",3300,"NYJ@Ind 08:30PM ET",5.500,"Ind"
"RB","Karlos Williams",3300,"NE@Buf 01:00PM ET",11.500,"Buf"
"TE","Eric Ebron",3300,"Det@Min 01:00PM ET",15.300,"Det"
"WR","Cody Latimer",3300,"Den@KC 08:25PM ET",0.000,"Den"
"WR","Dorial Green-Beckham",3300,"Ten@Cle 01:00PM ET",0.000,"Ten"
"WR","Devin Funchess",3300,"Hou@Car 01:00PM ET",1.900,"Car"
"WR","Jaelen Strong",3300,"Hou@Car 01:00PM ET",0,"Hou"
"WR","Marlon Brown",3200,"Bal@Oak 04:05PM ET",4.500,"Bal"
"RB","Jerick McKinnon",3200,"Det@Min 01:00PM ET",4.800,"Min"
"RB","Mike Davis",3200,"SF@Pit 01:00PM ET",0,"SF"
"DST","Rams ",3100,"StL@Was 01:00PM ET",14.000,"StL"
"DST","Seahawks ",3100,"Sea@GB 08:30PM ET",19.000,"Sea"
"DST","Panthers ",3100,"Hou@Car 01:00PM ET",21.000,"Car"
"WR","Ted Ginn Jr.",3100,"Hou@Car 01:00PM ET",7.400,"Car"
"TE","Larry Donnell",3100,"Atl@NYG 01:00PM ET",5.100,"NYG"
"RB","Will Johnson",3100,"SF@Pit 01:00PM ET",6.700,"Pit"
"RB","Kyle Juszczyk",3100,"Bal@Oak 04:05PM ET",5.700,"Bal"
"WR","Robert Woods",3100,"NE@Buf 01:00PM ET",4.700,"Buf"
"DST","Bengals ",3000,"SD@Cin 01:00PM ET",10.000,"Cin"
"DST","Packers ",3000,"Sea@GB 08:30PM ET",4.000,"GB"
"DST","Titans ",3000,"Ten@Cle 01:00PM ET",15.000,"Ten"
"WR","Lance Moore",3000,"Det@Min 01:00PM ET",3.200,"Det"
"WR","Jason Avant",3000,"Den@KC 08:25PM ET",0.000,"KC"
"TE","Vernon Davis",3000,"SF@Pit 01:00PM ET",7.700,"SF"
"WR","Miles Austin",3000,"Dal@Phi 04:25PM ET",4.200,"Phi"
"WR","Andre Caldwell",3000,"Den@KC 08:25PM ET",1.100,"Den"
"RB","Tyler Clutts",3000,"Dal@Phi 04:25PM ET",0.000,"Dal"
"WR","Harry Douglas",3000,"Ten@Cle 01:00PM ET",10.400,"Ten"
"WR","Eric Weems",3000,"Atl@NYG 01:00PM ET",0.000,"Atl"
"WR","Matthew Slater",3000,"NE@Buf 01:00PM ET",0.000,"NE"
"TE","Benjamin Watson",3000,"TB@NO 01:00PM ET",4.900,"NO"
"RB","Jerome Felton",3000,"NE@Buf 01:00PM ET",0.000,"Buf"
"WR","Marcus Thigpen",3000,"NE@Buf 01:00PM ET",0.000,"Buf"
"RB","Cedric Peerman",3000,"SD@Cin 01:00PM ET",0.000,"Cin"
"RB","Mike Tolbert",3000,"Hou@Car 01:00PM ET",2.800,"Car"
"RB","John Kuhn",3000,"Sea@GB 08:30PM ET",0.000,"GB"
"WR","Seyi Ajirotutu",3000,"Dal@Phi 04:25PM ET",0.000,"Phi"
"WR","Marlon Moore",3000,"Ten@Cle 01:00PM ET",0.000,"Cle"
"RB","James Starks",3000,"Sea@GB 08:30PM ET",0.200,"GB"
"WR","Brandon Tate",3000,"SD@Cin 01:00PM ET",0.000,"Cin"
"RB","Darrel Young",3000,"StL@Was 01:00PM ET",1.000,"Was"
"WR","Louis Murphy",3000,"TB@NO 01:00PM ET",0.000,"TB"
"TE","Jared Cook",3000,"StL@Was 01:00PM ET",13.500,"StL"
"WR","Brian Hartline",3000,"Ten@Cle 01:00PM ET",4.000,"Cle"
"RB","Donald Brown",3000,"SD@Cin 01:00PM ET",0,"SD"
"RB","Jorvorskie Lane",3000,"TB@NO 01:00PM ET",0.000,"TB"
"WR","Jordan Norwood",3000,"Den@KC 08:25PM ET",4.500,"Den"
"RB","Shaun Draughn",3000,"Ten@Cle 01:00PM ET",0.400,"Cle"
"WR","Preston Parker",3000,"Atl@NYG 01:00PM ET",4.600,"NYG"
"WR","Dwayne Harris",3000,"Atl@NYG 01:00PM ET",1.100,"NYG"
"RB","Bruce Miller",3000,"SF@Pit 01:00PM ET",0.000,"SF"
"WR","Marc Mariani",3000,"Ari@Chi 01:00PM ET",0.000,"Chi"
"WR","Bryan Walters",3000,"Mia@Jax 04:05PM ET",3.700,"Jax"
"WR","Jacoby Jones",3000,"SD@Cin 01:00PM ET",0.000,"SD"
"WR","Riley Cooper",3000,"Dal@Phi 04:25PM ET",5.500,"Phi"
"RB","Boobie Dixon",3000,"NE@Buf 01:00PM ET",6.100,"Buf"
"RB","Toby Gerhart",3000,"Mia@Jax 04:05PM ET",0,"Jax"
"RB","Chase Reynolds",3000,"StL@Was 01:00PM ET",0.000,"StL"
"RB","Dexter McCluster",3000,"Ten@Cle 01:00PM ET",0.800,"Ten"
"RB","Fozzy Whittaker",3000,"Hou@Car 01:00PM ET",2.500,"Car"
"WR","Marcus Easley",3000,"NE@Buf 01:00PM ET",0.000,"Buf"
"RB","Matt Asiata",3000,"Det@Min 01:00PM ET",5.200,"Min"
"RB","Taiwan Jones",3000,"Bal@Oak 04:05PM ET",2.800,"Oak"
"WR","Leonard Hankerson",3000,"Atl@NYG 01:00PM ET",3.600,"Atl"
"WR","Dontrelle Inman",3000,"SD@Cin 01:00PM ET",0,"SD"
"TE","Coby Fleener",3000,"NYJ@Ind 08:30PM ET",3.500,"Ind"
"WR","Greg Little",3000,"SD@Cin 01:00PM ET",0,"Cin"
"WR","Jeremy Kerley",3000,"NYJ@Ind 08:30PM ET",0.000,"NYJ"
"WR","Kamar Aiken",3000,"Bal@Oak 04:05PM ET",0.900,"Bal"
"RB","Travaris Cadet",3000,"NE@Buf 01:00PM ET",0,"NE"
"RB","Anthony Sherman",3000,"Den@KC 08:25PM ET",1.000,"KC"
"RB","Will Tukuafu",3000,"Sea@GB 08:30PM ET",0,"Sea"
"RB","Robert Turbin",3000,"Ten@Cle 01:00PM ET",0,"Cle"
"RB","Bilal Powell",3000,"NYJ@Ind 08:30PM ET",9.800,"NYJ"
"RB","Bobby Rainey",3000,"TB@NO 01:00PM ET",2.400,"TB"
"RB","Roy Helu Jr.",3000,"Bal@Oak 04:05PM ET",0,"Oak"
"RB","Patrick DiMarco",3000,"Atl@NYG 01:00PM ET",0.000,"Atl"
"RB","Isaiah Pead",3000,"StL@Was 01:00PM ET",-0.700,"StL"
"RB","Austin Johnson",3000,"TB@NO 01:00PM ET",2.900,"NO"
"RB","Chris Polk",3000,"Hou@Car 01:00PM ET",4.100,"Hou"
"RB","Jacquizz Rodgers",3000,"Ari@Chi 01:00PM ET",1.600,"Chi"
"RB","Jarryd Hayne",3000,"SF@Pit 01:00PM ET",2.000,"SF"
"RB","Kenjon Barner",3000,"Dal@Phi 04:25PM ET",0,"Phi"
"RB","LaMichael James",3000,"Mia@Jax 04:05PM ET",0.000,"Mia"
"WR","Brice Butler",3000,"Bal@Oak 04:05PM ET",0,"Oak"
"RB","Zach Line",3000,"Det@Min 01:00PM ET",0.000,"Min"
"WR","Chris Owusu",3000,"NYJ@Ind 08:30PM ET",9.500,"NYJ"
"WR","Griff Whalen",3000,"NYJ@Ind 08:30PM ET",0.000,"Ind"
"RB","Derrick Coleman",3000,"Sea@GB 08:30PM ET",0.200,"Sea"
"RB","Jonathan Grimes",3000,"Hou@Car 01:00PM ET",4.000,"Hou"
"WR","Frankie Hammond Jr.",3000,"Den@KC 08:25PM ET",0,"KC"
"WR","Jaron Brown",3000,"Ari@Chi 01:00PM ET",1.800,"Ari"
"WR","Chris Givens",3000,"StL@Was 01:00PM ET",0.000,"StL"
"WR","Keshawn Martin",3000,"Hou@Car 01:00PM ET",0,"Hou"
"WR","B.J. Daniels",3000,"Sea@GB 08:30PM ET",0,"Sea"
"RB","Jordan Todman",3000,"SF@Pit 01:00PM ET",0.000,"Pit"
"WR","Jarius Wright",3000,"Det@Min 01:00PM ET",3.700,"Min"
"RB","Brandon Bolden",3000,"NE@Buf 01:00PM ET",2.300,"NE"
"RB","Lance Dunbar",3000,"Dal@Phi 04:25PM ET",15.000,"Dal"
"WR","Russell Shepard",3000,"TB@NO 01:00PM ET",1.600,"TB"
"RB","Knile Davis",3000,"Den@KC 08:25PM ET",3.800,"KC"
"RB","Mike James",3000,"TB@NO 01:00PM ET",0,"TB"
"RB","Tommy Bohanon",3000,"NYJ@Ind 08:30PM ET",0.200,"NYJ"
"RB","Toben Opurum",3000,"TB@NO 01:00PM ET",0.000,"NO"
"WR","Ryan Grant",3000,"StL@Was 01:00PM ET",2.500,"Was"
"RB","Rex Burkhead",3000,"SD@Cin 01:00PM ET",3.400,"Cin"
"WR","Michael Campanaro",3000,"Bal@Oak 04:05PM ET",1.800,"Bal"
"RB","Nikita Whitlock",3000,"Atl@NYG 01:00PM ET",0.000,"NYG"
"RB","Bryce Brown",3000,"NE@Buf 01:00PM ET",0,"Buf"
"RB","Stepfan Taylor",3000,"Ari@Chi 01:00PM ET",0.000,"Ari"
"RB","Zac Stacy",3000,"NYJ@Ind 08:30PM ET",0,"NYJ"
"WR","Dri Archer",3000,"SF@Pit 01:00PM ET",0.000,"Pit"
"WR","Marquise Goodwin",3000,"NE@Buf 01:00PM ET",0,"Buf"
"RB","Brandon Wegher",3000,"Hou@Car 01:00PM ET",0,"Car"
"WR","Kevin Norwood",3000,"Hou@Car 01:00PM ET",0,"Car"
"RB","Chris Thompson",3000,"StL@Was 01:00PM ET",1.100,"Was"
"WR","Ricardo Lockette",3000,"Sea@GB 08:30PM ET",0.000,"Sea"
"RB","Christine Michael",3000,"Dal@Phi 04:25PM ET",0,"Dal"
"RB","Denard Robinson",3000,"Mia@Jax 04:05PM ET",6.500,"Jax"
"WR","Bennie Fowler",3000,"Den@KC 08:25PM ET",0.000,"Den"
"WR","Nick Williams",3000,"Atl@NYG 01:00PM ET",1.500,"Atl"
"WR","Devin Street",3000,"Dal@Phi 04:25PM ET",0.000,"Dal"
"WR","Chris Matthews",3000,"Sea@GB 08:30PM ET",1.800,"Sea"
"WR","Aaron Dobson",3000,"NE@Buf 01:00PM ET",1.900,"NE"
"RB","Bernard Pierce",3000,"Mia@Jax 04:05PM ET",1.400,"Jax"
"WR","Stedman Bailey",3000,"StL@Was 01:00PM ET",8.800,"StL"
"WR","Quincy Enunwa",3000,"NYJ@Ind 08:30PM ET",0.000,"NYJ"
"RB","Vick Ballard",3000,"NYJ@Ind 08:30PM ET",0,"Ind"
"RB","Jay Prosch",3000,"Hou@Car 01:00PM ET",0.000,"Hou"
"RB","Jalston Fowler",3000,"Ten@Cle 01:00PM ET",0.000,"Ten"
"WR","TJ Jones",3000,"Det@Min 01:00PM ET",0,"Det"
"RB","Orleans Darkwa",3000,"Atl@NYG 01:00PM ET",0.000,"NYG"
"RB","Roosevelt Nix",3000,"SF@Pit 01:00PM ET",0.000,"Pit"
"WR","Rod Streater",3000,"Bal@Oak 04:05PM ET",1.800,"Oak"
"RB","Marcus Murphy",3000,"TB@NO 01:00PM ET",0.000,"NO"
"RB","Andre Williams",3000,"Atl@NYG 01:00PM ET",1.400,"NYG"
"WR","Joshua Bellamy",3000,"Ari@Chi 01:00PM ET",0.000,"Chi"
"RB","Malcolm Johnson",3000,"Ten@Cle 01:00PM ET",3.400,"Cle"
"WR","Josh Huff",3000,"Dal@Phi 04:25PM ET",3.900,"Phi"
"RB","Juwan Thompson",3000,"Den@KC 08:25PM ET",0.000,"Den"
"RB","Michael Burton",3000,"Det@Min 01:00PM ET",0.000,"Det"
"WR","Albert Wilson",3000,"Den@KC 08:25PM ET",5.500,"KC"
"RB","Corey Grant",3000,"Mia@Jax 04:05PM ET",1.500,"Jax"
"WR","DeAndrew White",3000,"SF@Pit 01:00PM ET",0,"SF"
"WR","Tyler Murphy",3000,"SF@Pit 01:00PM ET",2.600,"Pit"
"WR","Matt Hazel",3000,"Mia@Jax 04:05PM ET",0,"Mia"
"WR","Keith Mumphery",3000,"Hou@Car 01:00PM ET",4.300,"Hou"
"RB","Jeremy Langford",3000,"Ari@Chi 01:00PM ET",0.100,"Chi"
"WR","Rishard Matthews",3000,"Mia@Jax 04:05PM ET",13.400,"Mia"
"WR","Justin Hardy",3000,"Atl@NYG 01:00PM ET",0,"Atl"
"WR","J.J. Nelson",3000,"Ari@Chi 01:00PM ET",0.000,"Ari"
"WR","Andre Holmes",3000,"Bal@Oak 04:05PM ET",0.000,"Oak"
"WR","Corey Fuller",3000,"Det@Min 01:00PM ET",0.000,"Det"
"WR","Geremy Davis",3000,"Atl@NYG 01:00PM ET",0.000,"NYG"
"RB","Jamize Olawale",3000,"Bal@Oak 04:05PM ET",5.500,"Oak"
"WR","Cameron Meredith",3000,"Ari@Chi 01:00PM ET",0,"Chi"
"RB","Antonio Andrews",3000,"Ten@Cle 01:00PM ET",0,"Ten"
"WR","Chris Hogan",3000,"NE@Buf 01:00PM ET",0.000,"Buf"
"WR","Corey Brown",3000,"Hou@Car 01:00PM ET",3.300,"Car"
"RB","Zach Zenner",3000,"Det@Min 01:00PM ET",0.600,"Det"
"RB","Terrence Magee",3000,"Bal@Oak 04:05PM ET",0,"Bal"
"RB","Terron Ward",3000,"Atl@NYG 01:00PM ET",0.000,"Atl"
"WR","Willie Snead",3000,"TB@NO 01:00PM ET",7.300,"NO"
"WR","Quinton Patton",3000,"SF@Pit 01:00PM ET",0.000,"SF"
"WR","Sammie Coates",3000,"SF@Pit 01:00PM ET",0,"Pit"
"RB","Ka'Deem Carey",3000,"Ari@Chi 01:00PM ET",0,"Chi"
"WR","Rashad Ross",3000,"StL@Was 01:00PM ET",0,"Was"
"WR","Ty Montgomery",3000,"Sea@GB 08:30PM ET",0.000,"GB"
"WR","Jamison Crowder",3000,"StL@Was 01:00PM ET",1.200,"Was"
"WR","Darren Waller",3000,"Bal@Oak 04:05PM ET",0.000,"Bal"
"WR","Adam Humphries",3000,"TB@NO 01:00PM ET",3.400,"TB"
"RB","Alonzo Harris",3000,"Sea@GB 08:30PM ET",0,"GB"
"WR","Bruce Ellington",3000,"SF@Pit 01:00PM ET",2.500,"SF"
"RB","Aaron Ripkowski",3000,"Sea@GB 08:30PM ET",0.000,"GB"
"WR","Bradley Marquez",3000,"StL@Was 01:00PM ET",0.000,"StL"
"RB","Thomas Rawls",3000,"Sea@GB 08:30PM ET",0.500,"Sea"
"WR","Devin Smith",3000,"NYJ@Ind 08:30PM ET",0,"NYJ"
"RB","Josh Robinson",3000,"NYJ@Ind 08:30PM ET",1.100,"Ind"
"WR","De'Anthony Thomas",3000,"Den@KC 08:25PM ET",2.100,"KC"
"WR","Brittan Golden",3000,"Ari@Chi 01:00PM ET",0,"Ari"
"WR","Tyrell Williams",3000,"SD@Cin 01:00PM ET",0.000,"SD"
"RB","Tyler Varga",3000,"NYJ@Ind 08:30PM ET",3.000,"Ind"
"WR","Cordarrelle Patterson",3000,"Det@Min 01:00PM ET",1.100,"Min"
"WR","Chris Harper",3000,"NE@Buf 01:00PM ET",0.000,"NE"
"RB","Damien Williams",3000,"Mia@Jax 04:05PM ET",1.300,"Mia"
"WR","Stefon Diggs",3000,"Det@Min 01:00PM ET",0,"Min"
"RB","Lorenzo Taliaferro",3000,"Bal@Oak 04:05PM ET",0,"Bal"
"WR","Seth Roberts",3000,"Bal@Oak 04:05PM ET",4.200,"Oak"
"RB","Cameron Artis-Payne",3000,"Hou@Car 01:00PM ET",0.000,"Car"
"WR","Lucky Whitehead",3000,"Dal@Phi 04:25PM ET",0.000,"Dal"
"WR","Adam Thielen",3000,"Det@Min 01:00PM ET",0.000,"Min"
"RB","Khiry Robinson",3000,"TB@NO 01:00PM ET",12.000,"NO"
"WR","Mario Alford",3000,"SD@Cin 01:00PM ET",0,"Cin"
"WR","Taylor Gabriel",3000,"Ten@Cle 01:00PM ET",4.000,"Cle"
"RB","Charcandrick West",3000,"Den@KC 08:25PM ET",0.000,"KC"
"WR","Jeff Janis",3000,"Sea@GB 08:30PM ET",0.000,"GB"
"WR","Seantavius Jones",3000,"TB@NO 01:00PM ET",0.000,"NO"
"DST","Bills ",2900,"NE@Buf 01:00PM ET",9.000,"Buf"
"DST","Texans ",2900,"Hou@Car 01:00PM ET",2.000,"Hou"
"DST","Browns ",2900,"Ten@Cle 01:00PM ET",1.000,"Cle"
"DST","Lions ",2900,"Det@Min 01:00PM ET",13.000,"Det"
"DST","Colts ",2900,"NYJ@Ind 08:30PM ET",0.000,"Ind"
"DST","Chiefs ",2900,"Den@KC 08:25PM ET",10.000,"KC"
"DST","Patriots ",2900,"NE@Buf 01:00PM ET",5.000,"NE"
"DST","Ravens ",2900,"Bal@Oak 04:05PM ET",16.000,"Bal"
"DST","Cowboys ",2800,"Dal@Phi 04:25PM ET",2.000,"Dal"
"DST","Broncos ",2800,"Den@KC 08:25PM ET",16.000,"Den"
"DST","Vikings ",2800,"Det@Min 01:00PM ET",6.000,"Min"
"DST","Saints ",2800,"TB@NO 01:00PM ET",1.000,"NO"
"DST","Jets ",2800,"NYJ@Ind 08:30PM ET",17.000,"NYJ"
"DST","Cardinals ",2800,"Ari@Chi 01:00PM ET",5.000,"Ari"
"DST","Steelers ",2800,"SF@Pit 01:00PM ET",1.000,"Pit"
"DST","Chargers ",2800,"SD@Cin 01:00PM ET",5.000,"SD"
"TE","David Johnson",2800,"SD@Cin 01:00PM ET",0.000,"SD"
"DST","Falcons ",2700,"Atl@NYG 01:00PM ET",4.000,"Atl"
"DST","Eagles ",2700,"Dal@Phi 04:25PM ET",5.000,"Phi"
"DST","49ers ",2700,"SF@Pit 01:00PM ET",14.000,"SF"
"DST","Redskins ",2700,"StL@Was 01:00PM ET",6.000,"Was"
"TE","Lance Kendricks",2700,"StL@Was 01:00PM ET",12.200,"StL"
"DST","Bears ",2600,"Ari@Chi 01:00PM ET",-1.000,"Chi"
"DST","Giants ",2600,"Atl@NYG 01:00PM ET",12.000,"NYG"
"DST","Buccaneers ",2600,"TB@NO 01:00PM ET",0.000,"TB"
"DST","Jaguars ",2600,"Mia@Jax 04:05PM ET",7.000,"Jax"
"TE","Scott Chandler",2600,"NE@Buf 01:00PM ET",7.100,"NE"
"TE","Jermaine Gresham",2600,"Ari@Chi 01:00PM ET",1.400,"Ari"
"TE","Josh Hill",2600,"TB@NO 01:00PM ET",0.000,"NO"
"TE","Mike Leach",2500,"Ari@Chi 01:00PM ET",0.000,"Ari"
"TE","Daniel Fells",2500,"Atl@NYG 01:00PM ET",6.300,"NYG"
"TE","Craig Stevens",2500,"Ten@Cle 01:00PM ET",0.000,"Ten"
"TE","Marcedes Lewis",2500,"Mia@Jax 04:05PM ET",0.000,"Jax"
"TE","Matt Spaeth",2500,"SF@Pit 01:00PM ET",0.000,"Pit"
"TE","Clark Harris",2500,"SD@Cin 01:00PM ET",0.000,"Cin"
"TE","Anthony Fasano",2500,"Ten@Cle 01:00PM ET",2.800,"Ten"
"TE","Jacob Tamme",2500,"Atl@NYG 01:00PM ET",4.900,"Atl"
"TE","Brent Celek",2500,"Dal@Phi 04:25PM ET",1.600,"Phi"
"TE","Zach Miller",2500,"Ari@Chi 01:00PM ET",0.000,"Chi"
"TE","Brandon Pettigrew",2500,"Det@Min 01:00PM ET",0.000,"Det"
"TE","Kellen Davis",2500,"NYJ@Ind 08:30PM ET",0.000,"NYJ"
"TE","Brandon Myers",2500,"TB@NO 01:00PM ET",0.000,"TB"
"TE","Darren Fells",2500,"Ari@Chi 01:00PM ET",18.200,"Ari"
"TE","Gary Barnidge",2500,"Ten@Cle 01:00PM ET",6.800,"Cle"
"TE","Clay Harbor",2500,"Mia@Jax 04:05PM ET",0.000,"Jax"
"TE","Ed Dickson",2500,"Hou@Car 01:00PM ET",1.900,"Car"
"TE","Chase Coffman",2500,"Ten@Cle 01:00PM ET",0,"Ten"
"TE","Garrett Graham",2500,"Hou@Car 01:00PM ET",0.000,"Hou"
"TE","Andrew DePaola",2500,"TB@NO 01:00PM ET",0.000,"TB"
"TE","Richie Brockel",2500,"Hou@Car 01:00PM ET",0,"Car"
"TE","Anthony McCoy",2500,"StL@Was 01:00PM ET",0,"Was"
"TE","Jim Dray",2500,"Ten@Cle 01:00PM ET",2.300,"Cle"
"TE","Virgil Green",2500,"Den@KC 08:25PM ET",0.000,"Den"
"TE","John Phillips",2500,"SD@Cin 01:00PM ET",0.000,"SD"
"TE","Rob Housler",2500,"Ten@Cle 01:00PM ET",0.000,"Cle"
"TE","Kyle Nelson",2500,"SF@Pit 01:00PM ET",0.000,"SF"
"TE","Matthew Mulligan",2500,"NE@Buf 01:00PM ET",0.000,"Buf"
"TE","Jeff Cumberland",2500,"NYJ@Ind 08:30PM ET",0.000,"NYJ"
"TE","Michael Hoomanawanui",2500,"NE@Buf 01:00PM ET",0.000,"NE"
"TE","Lee Smith",2500,"Bal@Oak 04:05PM ET",0.000,"Oak"
"TE","Luke Stocker",2500,"TB@NO 01:00PM ET",0.000,"TB"
"TE","Andrew Quarless",2500,"Sea@GB 08:30PM ET",0.000,"GB"
"TE","James Casey",2500,"Den@KC 08:25PM ET",0.000,"Den"
"TE","Rhett Ellison",2500,"Det@Min 01:00PM ET",1.300,"Min"
"TE","Garrett Celek",2500,"SF@Pit 01:00PM ET",7.000,"SF"
"TE","James Hanna",2500,"Dal@Phi 04:25PM ET",0.000,"Dal"
"TE","Mychal Rivera",2500,"Bal@Oak 04:05PM ET",1.400,"Oak"
"TE","Cory Harkey",2500,"StL@Was 01:00PM ET",0.000,"StL"
"TE","Beau Brinkley",2500,"Ten@Cle 01:00PM ET",0.000,"Ten"
"TE","Kevin McDermott",2500,"Det@Min 01:00PM ET",0.000,"Min"
"TE","MarQueis Gray",2500,"NE@Buf 01:00PM ET",0.000,"Buf"
"TE","Tim Wright",2500,"Det@Min 01:00PM ET",0,"Det"
"TE","Ryan Griffin",2500,"Hou@Car 01:00PM ET",2.800,"Hou"
"TE","Michael Williams",2500,"NE@Buf 01:00PM ET",0.000,"NE"
"TE","Chris Gragg",2500,"NE@Buf 01:00PM ET",0,"Buf"
"TE","Luke Willson",2500,"Sea@GB 08:30PM ET",0.000,"Sea"
"TE","Joseph Fauria",2500,"Ari@Chi 01:00PM ET",0,"Ari"
"TE","James Winchester",2500,"Den@KC 08:25PM ET",0.000,"KC"
"TE","Jack Doyle",2500,"NYJ@Ind 08:30PM ET",0.000,"Ind"
"TE","Vance McDonald",2500,"SF@Pit 01:00PM ET",1.500,"SF"
"TE","Ryan Hewitt",2500,"SD@Cin 01:00PM ET",0.000,"Cin"
"TE","Levine Toilolo",2500,"Atl@NYG 01:00PM ET",1.400,"Atl"
"TE","Gabe Holmes",2500,"Bal@Oak 04:05PM ET",0,"Oak"
"TE","Gavin Escobar",2500,"Dal@Phi 04:25PM ET",8.800,"Dal"
"TE","Dion Sims",2500,"Mia@Jax 04:05PM ET",0.000,"Mia"
"TE","Jerome Cunningham",2500,"Atl@NYG 01:00PM ET",0,"NYG"
"TE","Nic Jacobs",2500,"Mia@Jax 04:05PM ET",0.000,"Jax"
"TE","Brandon Williams",2500,"Hou@Car 01:00PM ET",0.000,"Car"
"TE","Cooper Helfet",2500,"Sea@GB 08:30PM ET",0.000,"Sea"
"TE","Crockett Gillmore",2500,"Bal@Oak 04:05PM ET",4.300,"Bal"
"TE","Trey Burton",2500,"Dal@Phi 04:25PM ET",0.000,"Phi"
"TE","Blake Bell",2500,"SF@Pit 01:00PM ET",0.000,"SF"
"TE","James O'Shaughnessy",2500,"Den@KC 08:25PM ET",0.000,"KC"
"TE","MyCole Pruitt",2500,"Det@Min 01:00PM ET",0.000,"Min"
"TE","Chase Ford",2500,"Det@Min 01:00PM ET",0,"Min"
"TE","Clive Walford",2500,"Bal@Oak 04:05PM ET",1.100,"Oak"
"TE","C.J. Fiedorowicz",2500,"Hou@Car 01:00PM ET",2.500,"Hou"
"TE","Brian Parker",2500,"Den@KC 08:25PM ET",0,"KC"
"TE","Kyle Miller",2500,"SD@Cin 01:00PM ET",0.000,"SD"
"TE","Tyler Kroft",2500,"SD@Cin 01:00PM ET",0.000,"Cin"
"TE","C.J. Uzomah",2500,"SD@Cin 01:00PM ET",0,"Cin"
"TE","Demetrius Harris",2500,"Den@KC 08:25PM ET",0.000,"KC"
"TE","Mitchell Henry",2500,"Den@KC 08:25PM ET",0,"Den"
"TE","Richard Rodgers",2500,"Sea@GB 08:30PM ET",6.800,"GB"
"TE","Nick Boyle",2500,"Bal@Oak 04:05PM ET",0.000,"Bal"
"TE","Kennard Backman",2500,"Sea@GB 08:30PM ET",0,"GB"
"TE","Troy Niklas",2500,"Ari@Chi 01:00PM ET",0.000,"Ari"
"TE","Phillip Supernaw",2500,"Ten@Cle 01:00PM ET",0.000,"Ten"
"TE","Maxx Williams",2500,"Bal@Oak 04:05PM ET",2.500,"Bal"
"TE","Jesse James",2500,"SF@Pit 01:00PM ET",0,"Pit"
"TE","Derek Carrier",2500,"StL@Was 01:00PM ET",2.800,"Was"
"TE","Geoff Swaim",2500,"Dal@Phi 04:25PM ET",0,"Dal"
"TE","E.J. Bibbs",2500,"Ten@Cle 01:00PM ET",0,"Cle"
"TE","Khari Lee",2500,"Ari@Chi 01:00PM ET",0.000,"Chi"
"DST","Raiders ",2400,"Bal@Oak 04:05PM ET",1.000,"Oak"
